,PseudoTime1,PseudoTime2,PseudoTime3,PseudoTime4
E959_73,0.09022999999999999,,,
E861_670,,,,0.83835
E853_203,0.25313,,,
E812_535,0.6691699999999999,,,
E1720_106,,,,0.13158
E82_290,0.36216,,,
E751_88,,,0.10902,
E1966_604,0.75564,,,
E507_706,,0.88346,,
E509_376,0.46992,,,
E1501_515,0.6441100000000001,,,
E1784_214,0.26692,,,
E1097_698,0.8734299999999999,,,
E798_304,0.3797,,,
E1278_471,,0.58897,,
E1167_36,,,0.04386,
E436_241,0.30075,,,
E76_261,0.32581,,,
E1325_467,,0.58396,,
E1291_475,0.5939800000000001,,,
E211_464,0.5802,,,
E171_260,0.32456,,,
E817_718,,,,0.8985
E323_530,0.66291,,,
E137_606,0.75815,,,
E872_288,,,,0.35965
E1548_335,,,0.41855,
E1136_737,0.9223100000000001,,,
E1532_66,0.08145,,,
E1142_141,0.17544,,,
E1994_618,0.77318,,,
E1866_608,,,0.76065,
E792_61,,,,0.07518999999999999
E1984_208,0.2594,,,
E665_128,0.15915,,,
E514_153,,,,0.19047999999999998
E1628_650,0.81328,,,
E1580_702,0.87845,,,
E891_612,,,0.76566,
E554_149,,0.18545999999999999,,
E874_199,0.24811999999999998,,,
E22_282,,0.35213,,
E1988_179,0.22305999999999998,,,
E1270_641,0.80201,,,
E213_172,0.21429,,,
E1093_176,0.2193,,,
E530_412,0.5150399999999999,,,
E1903_600,,,,0.75063
E259_372,0.46491000000000005,,,
E1336_176,,,,0.2193
E1455_227,0.28321,,,
E724_512,,0.64035,,
E1012_683,0.85464,,,
E1002_102,,0.12657000000000002,,
E119_572,0.71554,,,
E612_307,,0.38345999999999997,,
E1958_736,,,,0.92105
E384_682,,0.8533799999999999,,
E16_485,0.60652,,,
E102_438,0.54762,,,
E1298_719,0.89975,,,
E1064_751,0.93985,,,
E1399_103,0.12782000000000002,,,
E406_86,,,0.10652,
E1575_158,0.19674,,,
E1006_715,0.89474,,,
E1274_615,,0.76942,,
E1932_793,0.9924799999999999,,,
E1311_771,0.96491,,,
E1163_724,0.90602,,,
E404_90,0.11152999999999999,,,
E1625_211,0.26316,,,
E194_105,0.13033,,,
E1240_701,,0.8771899999999999,,
E1229_646,,,0.8082699999999999,
E617_242,0.30201,,,
E581_501,0.62657,,,
E151_75,0.09272999999999999,,,
E471_446,,,,0.5576399999999999
E1812_570,,,,0.71303
E163_86,0.10652,,,
E1059_614,0.76817,,,
E1584_507,,,,0.6340899999999999
E825_238,,,,0.29699000000000003
E630_592,0.7406,,,
E1296_689,,0.86216,,
E1109_707,0.88471,,,
E1528_89,,,0.11027999999999999,
E1905_604,0.75564,,,
E739_195,0.24311,,,
E1626_720,,0.9009999999999999,,
E1051_737,,0.9223100000000001,,
E1672_681,0.8521299999999999,,,
E1613_244,0.30451,,,
E146_773,,0.9674200000000001,,
E946_611,0.76441,,,
E1823_665,,,,0.8320799999999999
E1742_171,,,,0.21303000000000002
E506_336,0.4198,,,
E1648_611,0.76441,,,
E153_517,0.64662,,,
E1816_282,0.35213,,,
E1472_151,0.18797,,,
E457_439,,,,0.54887
E230_469,,0.5864699999999999,,
E209_558,0.69799,,,
E256_26,0.031330000000000004,,,
E827_248,,,0.30951999999999996,
E716_312,0.38971999999999996,,,
E786_87,0.10777,,,
E208_427,0.53383,,,
E1716_739,0.92481,,,
E1479_311,0.38847,,,
E1181_682,0.8533799999999999,,,
E69_75,0.09272999999999999,,,
E1387_119,0.14787,,,
E1500_400,0.5,,,
E878_421,0.52632,,,
E761_647,0.80952,,,
E1089_372,0.46491000000000005,,,
E60_222,0.27694,,,
E355_787,0.9849600000000001,,,
E571_593,,,,0.74185
E1652_123,0.15288,,,
E1568_700,0.8759399999999999,,,
E1665_610,,,0.7631600000000001,
E1457_494,0.61779,,,
E1120_588,0.73559,,,
E366_662,,,0.8283200000000001,
E1159_780,,,,0.97619
E1748_396,0.49499,,,
E622_163,0.20301,,,
E620_277,,,,0.34586
E1581_523,0.6541399999999999,,,
E1285_592,0.7406,,,
E868_428,,,,0.53509
E443_469,0.5864699999999999,,,
E180_552,0.69048,,,
E1582_85,0.10525999999999999,,,
E562_659,0.8245600000000001,,,
E1138_681,0.8521299999999999,,,
E1398_739,,,0.92481,
E1453_548,0.6854600000000001,,,
E470_77,,0.09523999999999999,,
E1075_429,0.5363399999999999,,,
E1693_705,0.88221,,,
E768_410,0.51253,,,
E419_267,0.33333,,,
E1161_267,,,0.33333,
E606_108,,0.13409000000000001,,
E182_436,0.54511,,,
E710_331,0.41353,,,
E1175_498,0.6228100000000001,,,
E362_619,,0.77444,,
E270_315,0.39348,,,
E678_232,0.28947,,,
E1381_306,0.38221,,,
E1916_773,0.9674200000000001,,,
E111_135,0.16792,,,
E72_128,0.15915,,,
E614_385,,0.4812,,
E1062_783,0.97995,,,
E1798_269,0.33584,,,
E121_99,,,,0.12280999999999999
E1441_351,0.4386,,,
E310_353,,,0.4411,
E237_35,,,,0.04261
E1344_638,0.79825,,,
E585_586,,,0.7330800000000001,
E838_673,,0.84211,,
E727_707,0.88471,,,
E477_111,0.13784000000000002,,,
E1375_249,0.31078,,,
E1208_242,0.30201,,,
E1856_281,,0.35088,,
E1235_509,0.63659,,,
E1269_243,0.30326,,,
E1555_472,0.59023,,,
E1462_737,0.9223100000000001,,,
E64_290,0.36216,,,
E1998_267,0.33333,,,
E1452_637,,,0.79699,
E1033_533,,,0.66667,
E807_113,0.14035,,,
E114_503,,,0.62907,
E917_713,,,0.89223,
E654_499,0.6240600000000001,,,
E1440_473,,0.59148,,
E799_632,,,0.79073,
E1393_426,,,0.53258,
E1260_748,0.93609,,,
E1155_740,0.9260700000000001,,,
E134_72,0.08897000000000001,,,
E510_688,,,,0.8609
E599_624,,,0.7807,
E228_404,,,,0.5050100000000001
E806_581,0.72682,,,
E1144_398,,,,0.49749
E442_74,0.09147999999999999,,,
E1152_52,0.06391000000000001,,,
E1509_43,,,0.052629999999999996,
E1434_318,,,,0.39724
E987_105,0.13033,,,
E1790_335,0.41855,,,
E1143_354,,,0.44236000000000003,
E385_347,0.43358,,,
E1281_715,0.89474,,,
E278_641,,,0.80201,
E1641_527,0.65915,,,
E364_273,0.34085,,,
E676_16,,0.0188,,
E1627_626,0.7832100000000001,,,
E1411_150,0.18672,,,
E1901_299,0.37343000000000004,,,
E983_293,0.36591,,,
E882_226,0.28195,,,
E705_58,0.07143,,,
E1780_611,0.76441,,,
E518_792,0.9912299999999999,,,
E1591_696,0.87093,,,
E25_515,0.6441100000000001,,,
E1981_481,,,,0.6015
E1000_745,,,,0.9323299999999999
E664_353,,,,0.4411
E492_492,,,,0.61529
E957_457,0.57143,,,
E415_288,,0.35965,,
E791_234,0.29198,,,
E747_300,0.37469,,,
E846_81,0.10025,,,
E1542_400,0.5,,,
E1556_517,,0.64662,,
E854_765,0.95739,,,
E1632_601,0.75188,,,
E193_499,,,0.6240600000000001,
E1218_393,,0.49123,,
E652_567,0.70927,,,
E423_333,0.41603999999999997,,,
E1797_35,0.04261,,,
E1160_614,0.76817,,,
E857_385,,0.4812,,
E1639_327,0.40852,,,
E175_729,0.91228,,,
E381_432,,,0.5401,
E1705_331,0.41353,,,
E205_331,,0.41353,,
E883_48,,,,0.0589
E1889_608,0.76065,,,
E1759_314,0.39223,,,
E919_479,,0.599,,
E210_345,0.43108,,,
E1076_718,0.8985,,,
E1931_624,0.7807,,,
E1714_388,0.48496000000000006,,,
E1497_443,0.55388,,,
E1153_452,0.56516,,,
E937_412,0.5150399999999999,,,
E1014_177,,,,0.22055
E1904_207,0.25815,,,
E1392_552,,,,0.69048
E955_4,0.0037600000000000003,,,
E498_311,0.38847,,,
E901_723,0.90476,,,
E50_109,0.13534000000000002,,,
E707_553,0.6917300000000001,,,
E1518_420,0.5250600000000001,,,
E451_141,,,,0.17544
E975_785,0.98246,,,
E1980_670,0.83835,,,
E401_74,,0.09147999999999999,,
E938_32,0.03885,,,
E1141_496,0.6203,,,
E122_165,,,0.20551,
E1227_553,0.6917300000000001,,,
E749_382,0.47744,,,
E132_511,,0.6391,,
E1624_246,,,,0.30701999999999996
E32_692,0.8659100000000001,,,
E740_108,,,,0.13409000000000001
E1608_472,,0.59023,,
E1990_660,0.82581,,,
E424_770,0.9636600000000001,,,
E268_17,0.02005,,,
E1271_308,0.38471,,,
E1232_574,0.71805,,,
E165_164,0.20426,,,
E444_514,0.64286,,,
E962_117,0.14536,,,
E746_95,0.11779,,,
E1563_81,,0.10025,,
E921_730,0.91353,,,
E131_159,,,,0.19799
E1280_354,0.44236000000000003,,,
E1629_790,0.98872,,,
E1262_538,,,,0.67293
E1771_332,0.41478999999999994,,,
E1564_162,0.20175,,,
E527_369,0.46115,,,
E112_791,0.9899700000000001,,,
E686_525,0.65664,,,
E515_772,,0.9661700000000001,,
E73_352,,,,0.43985
E1428_648,0.8107800000000001,,,
E634_143,0.17794000000000001,,,
E486_679,0.84962,,,
E266_732,0.91604,,,
E1762_460,0.57519,,,
E979_16,,0.0188,,
E1324_601,0.75188,,,
E1361_637,0.79699,,,
E780_722,0.90351,,,
E1198_288,,,0.35965,
E833_505,0.63158,,,
E1694_425,0.53133,,,
E534_113,0.14035,,,
E1340_672,0.84085,,,
E68_204,,,,0.25439
E520_359,0.44861999999999996,,,
E1468_118,0.14662,,,
E490_673,,0.84211,,
E1498_310,0.38722,,,
E1570_334,0.41728999999999994,,,
E275_382,0.47744,,,
E1130_703,0.8797,,,
E1239_30,0.03634,,,
E683_767,0.9599,,,
E888_209,0.26065,,,
E56_109,0.13534000000000002,,,
E1049_671,,,0.8396,
E199_469,0.5864699999999999,,,
E1317_606,,,0.75815,
E660_662,,0.8283200000000001,,
E1747_443,0.55388,,,
E600_102,,0.12657000000000002,,
E1609_39,0.047619999999999996,,,
E718_265,0.33083,,,
E127_732,,,0.91604,
E1040_151,,0.18797,,
E1487_138,0.17168,,,
E913_89,0.11027999999999999,,,
E928_107,0.13283,,,
E1312_597,,,,0.74687
E616_34,0.04135,,,
E1204_778,,,,0.9736799999999999
E511_480,,,0.60025,
E1726_44,0.05388,,,
E1164_142,,0.17669,,
E626_2,,,0.00125,
E472_501,0.62657,,,
E1113_315,,,0.39348,
E598_611,,0.76441,,
E1521_569,0.71178,,,
E239_535,0.6691699999999999,,,
E2_42,0.051379999999999995,,,
E1746_643,,,,0.8045100000000001
E1642_763,,0.95489,,
E1114_220,0.27444,,,
E1538_320,,0.39975,,
E603_359,0.44861999999999996,,,
E977_253,0.31579,,,
E1330_335,,,,0.41855
E312_548,0.6854600000000001,,,
E1370_134,0.16667,,,
E1309_188,0.23434000000000002,,,
E99_579,0.72431,,,
E1350_388,0.48496000000000006,,,
E1283_511,,,,0.6391
E1166_53,0.06516,,,
E1778_315,0.39348,,,
E28_765,,0.95739,,
E474_744,,,,0.9310799999999999
E5_789,,0.9874700000000001,,
E908_143,0.17794000000000001,,,
E936_679,0.84962,,,
E1956_229,,0.28570999999999996,,
E1201_398,0.49749,,,
E1741_516,,0.64536,,
E250_396,0.49499,,,
E1321_534,0.66792,,,
E573_496,0.6203,,,
E1615_715,0.89474,,,
E624_567,0.70927,,,
E984_496,0.6203,,,
E942_98,0.12155,,,
E138_731,0.91479,,,
E998_750,0.9386,,,
E1202_105,,,0.13033,
E1893_696,,,,0.87093
E1343_318,0.39724,,,
E21_374,0.46742,,,
E693_757,0.94737,,,
E1554_302,0.37719,,,
E1406_698,,,0.8734299999999999,
E1499_116,,,0.14411,
E1039_227,0.28321,,,
E1474_599,0.74937,,,
E190_267,,,,0.33333
E1533_789,,0.9874700000000001,,
E1419_727,0.9097700000000001,,,
E709_393,,,0.49123,
E934_752,0.9411,,,
E529_244,0.30451,,,
E327_731,,,0.91479,
E655_250,,,,0.31203000000000003
E869_155,,0.19297999999999998,,
E877_394,0.49248000000000003,,,
E582_207,0.25815,,,
E207_729,,0.91228,,
E333_69,,,0.08521000000000001,
E1674_24,0.02882,,,
E78_81,,,,0.10025
E579_413,0.5162899999999999,,,
E952_490,0.61278,,,
E1802_33,0.0401,,,
E1899_769,,0.96241,,
E1137_480,,0.60025,,
E1356_202,0.25188,,,
E1691_345,,,,0.43108
E39_245,0.30576,,,
E823_649,0.81203,,,
E556_694,0.8684200000000001,,,
E736_157,,,,0.19549
E313_604,,,0.75564,
E1072_118,0.14662,,,
E1887_341,,,,0.42607
E788_203,0.25313,,,
E1008_487,,,0.60902,
E1383_721,0.9022600000000001,,,
E447_312,0.38971999999999996,,,
E605_550,0.68797,,,
E1836_511,0.6391,,,
E407_226,0.28195,,,
E284_374,0.46742,,,
E1878_226,,0.28195,,
E1219_765,0.95739,,,
E695_745,,0.9323299999999999,,
E1902_215,0.26816999999999996,,,
E1127_156,0.19424,,,
E1587_283,0.35338,,,
E1666_426,0.53258,,,
E1254_488,,,0.61028,
E1973_761,0.9523799999999999,,,
E679_654,0.8183,,,
E1220_577,0.7218,,,
E726_413,,,,0.5162899999999999
E1950_650,0.81328,,,
E1465_515,,,,0.6441100000000001
E1158_524,0.6553899999999999,,,
E201_670,,,,0.83835
E1910_623,0.77945,,,
E1491_277,0.34586,,,
E1840_496,0.6203,,,
E1826_539,,0.67419,,
E1815_17,0.02005,,,
E37_762,0.95363,,,
E35_402,,,,0.50251
E265_402,0.50251,,,
E801_733,0.9172899999999999,,,
E501_5,0.0050100000000000006,,,
E1503_475,0.5939800000000001,,,
E826_43,0.052629999999999996,,,
E1349_180,,,0.22430999999999998,
E1928_94,,,,0.11654
E1961_787,0.9849600000000001,,,
E1993_728,0.9110299999999999,,,
E1547_194,,,0.24185,
E638_54,0.06642,,,
E741_533,0.66667,,,
E541_739,0.92481,,,
E1851_11,0.01253,,,
E569_548,0.6854600000000001,,,
E282_750,0.9386,,,
E560_56,0.06892000000000001,,,
E1414_24,0.02882,,,
E836_92,,,0.11404,
E484_370,,0.46241000000000004,,
E92_628,0.78571,,,
E1833_72,,,,0.08897000000000001
E462_139,0.17293,,,
E1813_524,,,,0.6553899999999999
E338_86,,0.10652,,
E1978_580,,,0.72556,
E898_170,,,,0.21178000000000002
E1082_443,,,0.55388,
E167_270,0.33709,,,
E1030_212,,,,0.26441
E627_706,,0.88346,,
E1267_736,0.92105,,,
E756_239,0.29825,,,
E1544_704,0.88095,,,
E15_78,0.09648999999999999,,,
E754_534,0.66792,,,
E1900_628,0.78571,,,
E319_472,0.59023,,,
E1701_786,,0.9837100000000001,,
E784_194,0.24185,,,
E246_35,0.04261,,,
E88_619,0.77444,,,
E822_688,0.8609,,,
E800_42,0.051379999999999995,,,
E488_740,0.9260700000000001,,,
E1140_220,0.27444,,,
E147_9,,,,0.010029999999999999
E1421_204,0.25439,,,
E1490_135,0.16792,,,
E1077_143,,,,0.17794000000000001
E1357_590,,,0.7381,
E1390_157,0.19549,,,
E247_654,0.8183,,,
E644_225,,,0.2807,
E728_59,0.07268,,,
E1169_158,0.19674,,,
E1066_138,0.17168,,,
E1148_426,0.53258,,,
E1992_391,,,,0.48872
E808_390,0.48746999999999996,,,
E395_734,,0.91855,,
E1071_48,0.0589,,,
E1025_246,,,0.30701999999999996,
E578_481,,0.6015,,
E1935_244,0.30451,,,
E680_483,,,,0.60401
E1948_750,0.9386,,,
E1183_469,,0.5864699999999999,,
E1938_715,0.89474,,,
E1347_766,0.95865,,,
E1101_19,,,,0.02256
E863_251,0.31328,,,
E775_583,,,0.72932,
E47_404,0.5050100000000001,,,
E1565_643,0.8045100000000001,,,
E865_525,,,,0.65664
E802_512,0.64035,,,
E1650_797,,,,0.99749
E1585_435,,,,0.54386
E191_437,,,,0.54637
E1927_368,,,0.4599,
E1562_272,0.3396,,,
E648_26,0.031330000000000004,,,
E516_83,0.10275999999999999,,,
E41_253,0.31579,,,
E54_276,0.34460999999999997,,,
E1610_473,0.59148,,,
E487_49,0.06015,,,
E1074_798,0.99875,,,
E1275_748,0.93609,,,
E540_13,0.015040000000000001,,,
E36_537,,0.67168,,
E291_615,0.76942,,,
E293_191,0.2381,,,
E1328_393,,,0.49123,
E734_379,0.47368000000000005,,,
E148_421,0.52632,,,
E1050_255,0.3183,,,
E24_461,0.57644,,,
E326_396,0.49499,,,
E1437_90,,,,0.11152999999999999
E1656_234,,,0.29198,
E1569_550,0.68797,,,
E1484_102,0.12657000000000002,,,
E29_68,,,,0.08396
E1355_10,0.01128,,,
E1605_525,0.65664,,,
E1439_381,,,,0.47618999999999995
E546_164,0.20426,,,
E824_699,0.87469,,,
E615_154,0.19172999999999998,,,
E706_656,0.8208,,,
E342_508,,,0.63534,
E890_304,0.3797,,,
E643_421,0.52632,,,
E1619_265,0.33083,,,
E900_452,0.56516,,,
E300_773,,,,0.9674200000000001
E1862_405,0.50627,,,
E458_331,0.41353,,,
E1224_308,0.38471,,,
E1996_520,,,,0.6503800000000001
E1707_41,0.05013,,,
E281_667,0.8345899999999999,,,
E703_520,0.6503800000000001,,,
E1543_76,0.09398,,,
E1038_776,0.9711799999999999,,,
E1105_773,0.9674200000000001,,,
E1835_282,,,0.35213,
E714_160,,0.19925,,
E1214_395,0.49373,,,
E1964_447,0.5589,,,
E1822_267,,,,0.33333
E949_158,0.19674,,,
E1775_797,0.99749,,,
E173_80,0.099,,,
E1135_202,,,,0.25188
E1729_652,0.81579,,,
E1895_464,0.5802,,,
E1760_708,,,0.8859600000000001,
E183_417,,,0.5213,
E656_682,,,,0.8533799999999999
E1557_313,,,,0.39098
E399_306,0.38221,,,
E1801_689,0.86216,,,
E1502_228,0.28446,,,
E1131_798,,0.99875,,
E533_178,0.2218,,,
E1384_387,,,,0.48371000000000003
E241_258,0.32206,,,
E386_335,,0.41855,,
E1192_495,0.61905,,,
E1129_361,,,,0.45113000000000003
E196_545,,0.6817,,
E549_232,0.28947,,,
E1934_595,0.74436,,,
E1852_53,,0.06516,,
E1573_242,,,,0.30201
E1386_218,0.27193,,,
E858_409,0.5112800000000001,,,
E1783_748,0.93609,,,
E1055_510,0.63784,,,
E945_151,0.18797,,,
E1946_457,,0.57143,,
E588_138,0.17168,,,
E1675_293,0.36591,,,
E539_716,0.89599,,,
E1494_522,,0.65288,,
E392_549,0.68672,,,
E294_343,,0.42857,,
E178_759,,,0.9498700000000001,
E343_665,0.8320799999999999,,,
E1124_332,0.41478999999999994,,,
E1402_669,,0.83709,,
E636_477,,,,0.59649
E1955_155,,,,0.19297999999999998
E158_393,,,,0.49123
E1088_439,0.54887,,,
E1655_1,,,0.0,
E1178_583,0.72932,,,
E1517_187,0.23308,,,
E1310_349,,,0.43609,
E1376_528,,0.6604,,
E8_60,,0.07393,,
E1478_628,,0.78571,,
E1599_672,0.84085,,,
E288_377,0.47118000000000004,,,
E978_662,,,0.8283200000000001,
E1846_44,,,,0.05388
E744_583,0.72932,,,
E1315_540,,,0.6754399999999999,
E632_59,,0.07268,,
E1941_163,0.20301,,,
E1133_796,0.99624,,,
E662_644,0.80576,,,
E692_575,0.7193,,,
E1558_483,,,,0.60401
E1540_637,0.79699,,,
E499_699,,0.87469,,
E348_179,,0.22305999999999998,,
E1708_625,,0.78195,,
E526_483,,0.60401,,
E298_367,0.45865,,,
E1888_82,,,,0.1015
E837_107,,,,0.13283
E1703_577,0.7218,,,
E1162_89,,,0.11027999999999999,
E1979_107,,,,0.13283
E1526_240,0.2995,,,
E1019_795,0.9949899999999999,,,
E389_437,,,0.54637,
E192_165,0.20551,,,
E242_771,0.96491,,,
E1431_713,,,,0.89223
E243_251,0.31328,,,
E828_595,,,,0.74436
E1869_332,0.41478999999999994,,,
E272_372,0.46491000000000005,,,
E1909_716,0.89599,,,
E848_429,,0.5363399999999999,,
E467_453,0.56642,,,
E906_62,0.07644,,,
E1297_353,,,0.4411,
E1850_488,0.61028,,,
E592_637,,,,0.79699
E57_609,0.7619,,,
E970_462,,,,0.5776899999999999
E1244_529,,0.66165,,
E1115_480,0.60025,,,
E382_634,0.79323,,,
E991_535,0.6691699999999999,,,
E574_772,0.9661700000000001,,,
E1295_310,,,,0.38722
E157_586,0.7330800000000001,,,
E1111_410,0.51253,,,
E31_751,0.93985,,,
E750_611,0.76441,,,
E1084_276,0.34460999999999997,,,
E1028_278,0.34712,,,
E1669_586,,,,0.7330800000000001
E1721_463,0.57895,,,
E1804_317,0.39599,,,
E721_764,,0.95614,,
E1595_75,0.09272999999999999,,,
E1896_587,,,,0.73434
E1268_494,0.61779,,,
E359_529,,,,0.66165
E969_375,,,,0.46867
E814_424,,,0.53008,
E30_722,0.90351,,,
E368_170,,0.21178000000000002,,
E58_178,0.2218,,,
E742_587,,,,0.73434
E1415_283,0.35338,,,
E1253_469,0.5864699999999999,,,
E1199_798,,,,0.99875
E691_723,0.90476,,,
E450_545,0.6817,,,
E1031_530,,0.66291,,
E1725_420,0.5250600000000001,,,
E1026_384,0.47995,,,
E461_269,,0.33584,,
E1664_541,,,0.67669,
E257_213,0.26566,,,
E1333_616,,0.77068,,
E1659_536,0.67043,,,
E666_469,,0.5864699999999999,,
E1855_239,,0.29825,,
E1788_669,,,,0.83709
E674_424,0.53008,,,
E757_363,,,0.45363000000000003,
E1897_567,,,0.70927,
E465_606,,0.75815,,
E1682_524,0.6553899999999999,,,
E301_406,0.50752,,,
E503_355,0.44361000000000006,,,
E1436_18,0.0213,,,
E120_554,0.69298,,,
E177_638,0.79825,,,
E20_738,,0.92356,,
E398_706,,0.88346,,
E14_422,,0.52757,,
E965_292,,,0.36466,
E1589_694,,0.8684200000000001,,
E1445_765,,0.95739,,
E1997_579,0.72431,,,
E1408_122,0.15163,,,
E142_317,0.39599,,,
E953_95,0.11779,,,
E445_416,,,,0.52005
E1368_709,,0.8872200000000001,,
E162_79,0.09774,,,
E1974_348,0.43483999999999995,,,
E289_647,0.80952,,,
E1234_272,,,,0.3396
E1640_753,0.9423600000000001,,,
E1646_375,0.46867,,,
E1456_4,0.0037600000000000003,,,
E1306_108,,0.13409000000000001,,
E1922_608,,,0.76065,
E797_204,0.25439,,,
E372_778,,,0.9736799999999999,
E1100_95,,,0.11779,
E1891_629,0.78697,,,
E128_358,0.44737,,,
E1651_536,,,0.67043,
E521_387,0.48371000000000003,,,
E273_639,,,,0.7995
E1359_171,0.21303000000000002,,,
E1327_352,,0.43985,,
E1634_287,,0.3584,,
E1305_774,0.96867,,,
E280_684,0.8558899999999999,,,
E1690_523,,,0.6541399999999999,
E755_284,0.35464,,,
E535_755,0.94486,,,
E889_760,0.9511299999999999,,,
E1740_108,0.13409000000000001,,,
E1807_294,0.36717,,,
E1256_248,0.30951999999999996,,,
E967_751,0.93985,,,
E920_129,0.1604,,,
E1467_25,,0.030080000000000003,,
E1782_151,0.18797,,,
E704_88,,0.10902,,
E1404_658,,,,0.82331
E387_149,,0.18545999999999999,,
E1789_306,0.38221,,,
E1638_213,0.26566,,,
E1942_771,0.96491,,,
E1255_534,0.66792,,,
E1107_623,0.77945,,,
E1507_599,,0.74937,,
E1713_604,0.75564,,,
E1673_605,0.75689,,,
E1036_748,0.93609,,,
E1779_673,0.84211,,,
E528_82,,,0.1015,
E832_437,,,,0.54637
E829_613,0.7669199999999999,,,
E1877_91,,,,0.11277999999999999
E1590_74,,0.09147999999999999,,
E551_96,,,0.11905,
E687_337,0.42105,,,
E753_548,,,,0.6854600000000001
E1863_575,,,0.7193,
E1134_492,0.61529,,,
E531_295,0.36841999999999997,,,
E512_460,,,0.57519,
E33_187,0.23308,,,
E141_629,0.78697,,,
E1774_587,0.73434,,,
E1041_413,0.5162899999999999,,,
E108_563,,0.70426,,
E1060_539,0.67419,,,
E675_628,0.78571,,,
E297_522,0.65288,,,
E713_85,0.10525999999999999,,,
E1971_357,,,0.44611999999999996,
E931_334,0.41728999999999994,,,
E1960_513,0.6416,,,
E1276_492,,0.61529,,
E1125_641,0.80201,,,
E232_548,,,,0.6854600000000001
E1322_766,,0.95865,,
E649_54,0.06642,,,
E264_192,0.23935,,,
E1991_592,0.7406,,,
E532_39,0.047619999999999996,,,
E1514_694,,,,0.8684200000000001
E1332_368,,,0.4599,
E478_540,0.6754399999999999,,,
E1103_295,,0.36841999999999997,,
E980_91,,,,0.11277999999999999
E1086_749,,,,0.93734
E855_2,,0.00125,,
E1013_342,,0.42732,,
E1461_190,0.23684000000000002,,,
E324_120,0.14912,,,
E1658_228,0.28446,,,
E597_686,,,,0.8584
E340_279,0.34836999999999996,,,
E519_88,,,0.10902,
E1711_350,0.43733999999999995,,,
E1936_289,,,,0.3609
E352_73,0.09022999999999999,,,
E668_507,,0.6340899999999999,,
E950_113,,,0.14035,
E1594_329,0.41103,,,
E1284_249,0.31078,,,
E1737_36,0.04386,,,
E1683_319,,,0.3985,
E1912_385,,,0.4812,
E621_602,0.75313,,,
E1377_73,0.09022999999999999,,,
E446_417,0.5213,,,
E830_441,,,0.55138,
E396_268,0.33459,,,
E1744_57,0.07017999999999999,,,
E459_746,,0.93358,,
E1123_579,0.72431,,,
E1681_319,0.3985,,,
E287_174,0.21679,,,
E981_364,0.45488999999999996,,,
E118_786,0.9837100000000001,,,
E1623_316,0.39474000000000004,,,
E1119_337,0.42105,,,
E358_766,0.95865,,,
E174_354,,0.44236000000000003,,
E1481_458,0.57268,,,
E1407_371,0.46366,,,
E1182_73,,,0.09022999999999999,
E698_161,0.2005,,,
E1380_494,0.61779,,,
E1069_50,0.0614,,,
E963_342,0.42732,,,
E1907_203,0.25313,,,
E1177_676,,0.8458600000000001,,
E1063_233,,,0.29073000000000004,
E98_298,0.37218,,,
E1752_566,,,0.70802,
E688_535,0.6691699999999999,,,
E1154_369,0.46115,,,
E1596_210,0.2619,,,
E1272_313,0.39098,,,
E214_635,0.7944899999999999,,,
E336_568,,0.71053,,
E1525_40,,0.04887,,
E1593_120,,,,0.14912
E508_180,0.22430999999999998,,,
E1117_261,,,,0.32581
E245_45,,0.055139999999999995,,
E972_195,0.24311,,,
E1704_262,,0.32706999999999997,,
E1697_463,,,,0.57895
E997_552,,0.69048,,
E1944_747,,,0.93484,
E1483_796,0.99624,,,
E1583_340,,,,0.42481
E1369_428,0.53509,,,
E1106_338,,,0.42231,
E154_23,0.027569999999999997,,,
E1945_732,0.91604,,,
E1885_376,0.46992,,,
E1975_158,0.19674,,,
E645_18,0.0213,,,
E70_770,0.9636600000000001,,,
E1952_475,0.5939800000000001,,,
E1768_162,0.20175,,,
E1301_135,0.16792,,,
E1035_553,0.6917300000000001,,,
E881_615,0.76942,,,
E83_439,,0.54887,,
E548_286,,0.35714,,
E880_115,0.14286,,,
E473_125,0.15539,,,
E1194_501,,,,0.62657
E1630_149,0.18545999999999999,,,
E1764_688,0.8609,,,
E1876_445,,,,0.5563899999999999
E1365_357,0.44611999999999996,,,
E1261_450,0.56266,,,
E1463_298,,,,0.37218
E502_552,0.69048,,,
E17_311,,,,0.38847
E62_123,,,,0.15288
E1756_167,0.20801999999999998,,,
E525_232,,,0.28947,
E1679_778,0.9736799999999999,,,
E1422_93,,,,0.11529
E1677_471,0.58897,,,
E550_271,0.33835,,,
E845_187,0.23308,,,
E990_116,0.14411,,,
E1972_98,0.12155,,,
E1977_45,0.055139999999999995,,,
E1777_349,0.43609,,,
E1637_446,0.5576399999999999,,,
E12_85,0.10525999999999999,,,
E1873_205,0.25564000000000003,,,
E1561_489,0.61153,,,
E659_602,,0.75313,,
E1238_110,0.13659000000000002,,,
E1094_139,,,,0.17293
E330_708,0.8859600000000001,,,
E274_734,0.91855,,,
E240_151,,0.18797,,
E159_108,,0.13409000000000001,,
E1078_225,,0.2807,,
E469_511,0.6391,,,
E1795_665,0.8320799999999999,,,
E1969_440,0.55013,,,
E1279_263,0.32832,,,
E672_767,,,0.9599,
E631_377,0.47118000000000004,,,
E305_515,0.6441100000000001,,,
E682_542,,0.67794,,
E769_573,0.7167899999999999,,,
E658_247,,0.30827,,
E536_552,0.69048,,,
E1929_291,,0.36341,,
E840_74,0.09147999999999999,,,
E1667_350,,0.43733999999999995,,
E218_334,0.41728999999999994,,,
E1211_334,0.41728999999999994,,,
E1661_32,,,,0.03885
E961_180,,,,0.22430999999999998
E1649_252,0.31454,,,
E1424_724,0.90602,,,
E485_30,0.03634,,,
E1832_641,0.80201,,,
E1858_583,,0.72932,,
E731_141,0.17544,,,
E1293_266,0.33208000000000004,,,
E1303_82,0.1015,,,
E1831_763,0.95489,,,
E1527_760,,,,0.9511299999999999
E684_504,0.6303300000000001,,,
E1513_398,,0.49749,,
E819_46,0.056389999999999996,,,
E960_112,0.1391,,,
E1791_596,0.74561,,,
E1389_253,0.31579,,,
E1212_208,0.2594,,,
E1531_200,0.24936999999999998,,,
E1515_286,0.35714,,,
E1504_794,,,,0.9937299999999999
E27_728,0.9110299999999999,,,
E1337_639,0.7995,,,
E248_736,,,0.92105,
E1233_330,0.41228000000000004,,,
E52_189,,,,0.23559000000000002
E117_430,0.53759,,,
E595_278,0.34712,,,
E303_603,0.75439,,,
E700_86,,0.10652,,
E1970_573,0.7167899999999999,,,
E1892_238,,,,0.29699000000000003
E1364_245,,0.30576,,
E1329_697,0.87218,,,
E669_442,,,,0.5526300000000001
E820_787,0.9849600000000001,,,
E1603_545,,0.6817,,
E365_75,0.09272999999999999,,,
E1092_773,,,0.9674200000000001,
E916_570,0.71303,,,
E455_694,,,,0.8684200000000001
E466_580,0.72556,,,
E637_728,,,,0.9110299999999999
E1045_369,0.46115,,,
E1986_351,,,,0.4386
E968_269,0.33584,,,
E1550_16,,,,0.0188
E1908_575,,,,0.7193
E238_245,0.30576,,,
E307_264,,,,0.32957
E941_67,0.08271,,,
E729_133,0.16541,,,
E1378_451,,,0.56391,
E1448_124,,,,0.15414
E1195_35,0.04261,,,
E1085_514,0.64286,,,
E263_297,0.37093000000000004,,,
E1604_659,,,0.8245600000000001,
E1687_789,0.9874700000000001,,,
E1943_620,,0.77569,,
E1067_445,,,,0.5563899999999999
E619_418,,0.52256,,
E1670_357,0.44611999999999996,,,
E236_16,0.0188,,,
E663_181,0.22555999999999998,,,
E856_168,,,,0.20926999999999998
E609_794,0.9937299999999999,,,
E331_186,0.23183,,,
E1223_45,,0.055139999999999995,,
E611_74,,,0.09147999999999999,
E1331_73,,,,0.09022999999999999
E544_465,0.58145,,,
E995_749,,,0.93734,
E483_109,0.13534000000000002,,,
E895_151,,,0.18797,
E1473_91,0.11277999999999999,,,
E1545_562,0.70301,,,
E285_598,0.74812,,,
E589_186,,0.23183,,
E1999_79,0.09774,,,
E1057_218,,,,0.27193
E639_692,,,0.8659100000000001,
E1883_397,,0.49623999999999996,,
E360_253,0.31579,,,
E426_135,0.16792,,,
E1388_74,,,,0.09147999999999999
E773_33,0.0401,,,
E723_79,,0.09774,,
E538_602,0.75313,,,
E1699_74,0.09147999999999999,,,
E375_168,0.20926999999999998,,,
E966_508,0.63534,,,
E1265_286,0.35714,,,
E1834_591,0.73935,,,
E1962_776,0.9711799999999999,,,
E341_80,0.099,,,
E910_236,0.29449000000000003,,,
E1510_433,,,0.54135,
E1757_235,0.29323,,,
E346_745,,,,0.9323299999999999
E222_442,0.5526300000000001,,,
E388_291,,,0.36341,
E1598_98,,,,0.12155
E1663_475,0.5939800000000001,,,
E834_198,0.24686999999999998,,,
E1334_797,,,0.99749,
E34_585,0.73183,,,
E418_37,0.045110000000000004,,,
E1560_411,0.51378,,,
E374_622,0.7782,,,
E513_115,0.14286,,,
E145_776,0.9711799999999999,,,
E1924_332,,0.41478999999999994,,
E1394_390,0.48746999999999996,,,
E805_736,,,0.92105,
E1373_164,,,0.20426,
E1727_245,0.30576,,,
E1259_457,0.57143,,,
E1326_276,0.34460999999999997,,,
E261_772,,0.9661700000000001,,
E1180_621,0.77694,,,
E1339_551,0.6892199999999999,,,
E1765_57,,0.07017999999999999,,
E1427_511,,,0.6391,
E1486_43,0.052629999999999996,,,
E1405_277,0.34586,,,
E417_572,0.71554,,,
E351_86,0.10652,,,
E1216_116,0.14411,,,
E361_780,0.97619,,,
E235_180,0.22430999999999998,,,
E1660_379,,0.47368000000000005,,
E1346_595,0.74436,,,
E1173_362,0.45238,,,
E902_249,,,0.31078,
E1559_773,0.9674200000000001,,,
E1731_401,0.50125,,,
E1911_744,0.9310799999999999,,,
E1080_666,0.8333299999999999,,,
E1723_604,0.75564,,,
E1925_233,,,,0.29073000000000004
E77_387,,0.48371000000000003,,
E186_20,0.023809999999999998,,,
E1880_251,,,,0.31328
E1139_733,0.9172899999999999,,,
E940_788,,,,0.9862200000000001
E1516_688,0.8609,,,
E1597_442,0.5526300000000001,,,
E813_354,,0.44236000000000003,,
E1799_465,,,,0.58145
E1200_187,0.23308,,,
E947_430,0.53759,,,
E831_321,,0.401,,
E1529_226,0.28195,,,
E1429_505,0.63158,,,
E804_638,,0.79825,,
E685_721,,,0.9022600000000001,
E1848_134,0.16667,,,
E1588_494,0.61779,,,
E1186_484,,,,0.60526
E671_484,0.60526,,,
E922_8,,0.00877,,
E570_571,,0.71429,,
E1149_455,0.56892,,,
E1735_458,0.57268,,,
E590_23,0.027569999999999997,,,
E91_196,,,,0.24436
E315_603,0.75439,,,
E1763_273,,,,0.34085
E1372_60,,,0.07393,
E1530_442,0.5526300000000001,,,
E1190_101,0.12531,,,
E1847_582,,,0.72807,
E1300_570,,,,0.71303
E1351_316,0.39474000000000004,,,
E1307_570,0.71303,,,
E1433_323,,,0.40351,
E86_342,0.42732,,,
E745_508,0.63534,,,
E583_541,0.67669,,,
E89_373,,0.46617,,
E1633_291,0.36341,,,
E433_33,,,0.0401,
E494_689,0.86216,,,
E841_574,0.71805,,,
E1395_305,,0.38095,,
E762_86,,,,0.10652
E397_536,,0.67043,,
E1810_746,,0.93358,,
E1485_485,0.60652,,,
E271_72,0.08897000000000001,,,
E133_301,,,,0.37594
E1_420,0.5250600000000001,,,
E1338_691,0.86466,,,
E1870_312,0.38971999999999996,,,
E667_437,0.54637,,,
E140_536,0.67043,,,
E1243_56,0.06892000000000001,,,
E737_572,0.71554,,,
E1662_384,0.47995,,,
E927_582,,,0.72807,
E55_710,0.8884700000000001,,,
E604_242,0.30201,,,
E1308_348,0.43483999999999995,,,
E1189_418,,,,0.52256
E1853_301,,,,0.37594
E356_561,,0.70175,,
E725_488,0.61028,,,
E429_21,0.02506,,,
E1579_786,0.9837100000000001,,,
E1257_3,,,0.00251,
E143_169,0.21053000000000002,,,
E561_198,,,,0.24686999999999998
E1345_658,,0.82331,,
E1495_579,,0.72431,,
E1374_153,0.19047999999999998,,,
E164_737,0.9223100000000001,,,
E563_771,,0.96491,,
E1188_83,,,,0.10275999999999999
E914_491,,0.6140399999999999,,
E1477_313,0.39098,,,
E1689_674,,0.84336,,
E765_60,0.07393,,,
E369_428,0.53509,,,
E441_173,0.21554,,,
E357_261,,,,0.32581
E44_387,0.48371000000000003,,,
E572_299,0.37343000000000004,,,
E1860_677,0.8471200000000001,,,
E996_454,,,0.56767,
E982_257,,,0.3208,
E976_291,,0.36341,,
E795_539,0.67419,,,
E116_219,0.27318000000000003,,,
E1116_263,0.32832,,,
E316_248,0.30951999999999996,,,
E1413_442,0.5526300000000001,,,
E1079_409,0.5112800000000001,,,
E613_176,0.2193,,,
E524_490,0.61278,,,
E1881_289,0.3609,,,
E1121_488,0.61028,,,
E306_589,,,0.7368399999999999,
E1287_262,0.32706999999999997,,,
E1712_366,0.45738999999999996,,,
E420_685,0.85714,,,
E1352_231,,0.28822,,
E286_702,,,,0.87845
E1358_637,,,,0.79699
E1145_161,0.2005,,,
E778_470,0.58772,,,
E1207_714,0.8934799999999999,,,
E290_529,0.66165,,,
E989_26,,0.031330000000000004,,
E1574_184,0.22931999999999997,,,
E489_491,0.6140399999999999,,,
E1875_153,0.19047999999999998,,,
E38_54,0.06642,,,
E152_627,0.78446,,,
E1989_797,0.99749,,,
E1157_607,0.7594,,,
E220_57,0.07017999999999999,,,
E985_88,,,,0.10902
E71_535,0.6691699999999999,,,
E67_769,0.96241,,,
E1769_155,,0.19297999999999998,,
E689_377,0.47118000000000004,,,
E815_405,0.50627,,,
E670_10,,,0.01128,
E1403_343,0.42857,,,
E139_253,0.31579,,,
E479_390,,,,0.48746999999999996
E557_400,,0.5,,
E1546_623,,0.77945,,
E1917_405,0.50627,,,
E322_419,,,0.52381,
E1933_407,,,,0.50877
E1197_238,0.29699000000000003,,,
E1743_45,0.055139999999999995,,,
E1976_786,0.9837100000000001,,,
E1379_12,0.01378,,,
E1215_117,0.14536,,,
E1098_378,0.47243,,,
E1471_379,,0.47368000000000005,,
E1968_624,0.7807,,,
E1228_270,0.33709,,,
E1871_339,0.42356000000000005,,,
E1292_6,,,,0.00627
E354_481,,,,0.6015
E84_45,0.055139999999999995,,,
E899_167,,,,0.20801999999999998
E1535_34,,,0.04135,
E584_523,0.6541399999999999,,,
E1606_721,0.9022600000000001,,,
E1168_750,0.9386,,,
E1313_264,0.32957,,,
E552_458,,0.57268,,
E1549_791,0.9899700000000001,,,
E1318_484,0.60526,,,
E460_784,0.9812,,,
E223_365,,0.45614,,
E1915_487,,0.60902,,
E254_29,0.035089999999999996,,,
E1820_94,,,,0.11654
E1241_223,,,,0.2782
E1785_48,0.0589,,,
E440_290,0.36216,,,
E956_157,0.19549,,,
E1009_785,0.98246,,,
E1849_441,,0.55138,,
E500_551,0.6892199999999999,,,
E1985_792,,,0.9912299999999999,
E325_754,0.9436100000000001,,,
E504_204,0.25439,,,
E1193_157,0.19549,,,
E1469_777,0.9724299999999999,,,
E400_105,,,0.13033,
E113_559,,,0.69925,
E1733_192,0.23935,,,
E1601_8,0.00877,,,
E851_662,,,,0.8283200000000001
E1459_350,,0.43733999999999995,,
E1151_210,,,,0.2619
E1758_673,0.84211,,,
E367_555,0.69424,,,
E251_300,0.37469,,,
E1058_190,0.23684000000000002,,,
E1890_760,0.9511299999999999,,,
E850_393,,,0.49123,
E1792_764,,0.95614,,
E431_233,0.29073000000000004,,,
E1781_323,,,,0.40351
E647_416,,,0.52005,
E732_97,,0.1203,,
E1793_447,,,0.5589,
E594_480,,,0.60025,
E1967_423,0.52882,,,
E1420_429,0.5363399999999999,,,
E432_490,0.61278,,,
E1225_672,0.84085,,,
E363_391,0.48872,,,
E1717_788,,,0.9862200000000001,
E785_366,,,0.45738999999999996,
E81_109,0.13534000000000002,,,
E299_653,0.81704,,,
E168_789,0.9874700000000001,,,
E1037_264,,,,0.32957
E226_196,0.24436,,,
E1454_285,,,,0.35589
E1872_138,0.17168,,,
E993_9,0.010029999999999999,,,
E1286_558,,,,0.69799
E653_717,,0.8972399999999999,,
E673_623,0.77945,,,
E694_342,0.42732,,,
E1053_479,0.599,,,
E345_399,,,,0.49875
E610_249,0.31078,,,
E244_736,0.92105,,,
E144_170,0.21178000000000002,,,
E136_568,,,0.71053,
E722_157,,0.19549,,
E1314_710,0.8884700000000001,,,
E772_11,,,0.01253,
E1447_743,0.9298200000000001,,,
E1409_229,0.28570999999999996,,,
E1248_520,0.6503800000000001,,,
E818_339,0.42356000000000005,,,
E421_489,,,0.61153,
E1987_383,0.4787,,,
E1185_428,0.53509,,,
E782_158,0.19674,,,
E567_621,,,,0.77694
E932_339,0.42356000000000005,,,
E1688_614,0.76817,,,
E1753_52,,,0.06391000000000001,
E1602_113,,0.14035,,
E565_777,0.9724299999999999,,,
E1671_651,0.8145399999999999,,,
E390_49,0.06015,,,
E835_352,,,0.43985,
E430_81,,,0.10025,
E1282_372,0.46491000000000005,,,
E1203_152,0.18922,,,
E130_632,,0.79073,,
E1362_564,0.7055100000000001,,,
E893_157,0.19549,,,
E46_110,0.13659000000000002,,,
E19_163,0.20301,,,
E161_614,0.76817,,,
E523_283,0.35338,,,
E628_770,0.9636600000000001,,,
E994_750,0.9386,,,
E195_169,0.21053000000000002,,,
E866_309,,,,0.38595999999999997
E1237_277,,0.34586,,
E10_331,,,,0.41353
E896_400,0.5,,,
E227_354,,0.44236000000000003,,
E842_147,,0.18295999999999998,,
E1874_524,,,0.6553899999999999,
E1953_481,0.6015,,,
E1940_697,0.87218,,,
E61_103,0.12782000000000002,,,
E859_361,0.45113000000000003,,,
E229_189,0.23559000000000002,,,
E79_595,0.74436,,,
E1786_627,,,0.78446,
E566_163,0.20301,,,
E1156_791,0.9899700000000001,,,
E1083_103,0.12782000000000002,,,
E1476_194,0.24185,,,
E1686_591,0.73935,,,
E1054_707,0.88471,,,
E547_746,0.93358,,,
E1245_682,0.8533799999999999,,,
E347_115,0.14286,,,
E974_41,,0.05013,,
E1007_606,,0.75815,,
E1551_544,0.68045,,,
E1426_275,,,0.34336,
E252_52,,0.06391000000000001,,
E625_517,,,,0.64662
E1391_582,,,,0.72807
E810_469,0.5864699999999999,,,
E646_442,,,,0.5526300000000001
E495_357,0.44611999999999996,,,
E45_154,,,,0.19172999999999998
E160_390,0.48746999999999996,,,
E1806_338,,,,0.42231
E1923_17,,,0.02005,
E1621_594,,,0.74311,
E198_550,0.68797,,,
E51_252,0.31454,,,
E733_334,,,,0.41728999999999994
E378_437,0.54637,,,
E1266_488,0.61028,,,
E1170_751,,,,0.93985
E332_546,0.68296,,,
E1209_347,,0.43358,,
E748_160,,,0.19925,
E1614_628,,,,0.78571
E497_561,,,,0.70175
E876_21,0.02506,,,
E428_505,0.63158,,,
E699_623,0.77945,,,
E181_621,0.77694,,,
E661_269,,,0.33584,
E1539_747,0.93484,,,
E1070_683,,0.85464,,
E1865_421,,,,0.52632
E1552_277,0.34586,,,
E1191_581,0.72682,,,
E591_332,,,,0.41478999999999994
E185_342,0.42732,,,
E892_271,,,0.33835,
E1065_170,0.21178000000000002,,,
E1844_313,,,,0.39098
E409_542,,0.67794,,
E1446_435,0.54386,,,
E852_363,,,0.45363000000000003,
E1043_186,0.23183,,,
E1432_244,0.30451,,,
E1444_393,,,,0.49123
E234_721,0.9022600000000001,,,
E1470_31,,,0.03759,
E1464_146,,0.1817,,
E169_26,,0.031330000000000004,,
E105_245,0.30576,,,
E1631_584,0.73058,,,
E657_104,,,,0.12907000000000002
E9_223,0.2782,,,
E767_192,,,,0.23935
E1213_428,0.53509,,,
E1250_647,,0.80952,,
E85_294,0.36717,,,
E1496_351,0.4386,,,
E864_233,0.29073000000000004,,,
E1522_687,,,0.85965,
E651_581,,,,0.72682
E894_702,0.87845,,,
E930_123,,,,0.15288
E80_138,0.17168,,,
E1099_261,0.32581,,,
E1150_697,,,,0.87218
E1443_518,,0.64787,,
E1095_161,,,0.2005,
E1505_98,0.12155,,,
E296_304,,,,0.3797
E1750_699,0.87469,,,
E1982_325,0.40602,,,
E416_156,0.19424,,,
E1052_384,0.47995,,,
E59_421,0.52632,,,
E1221_193,0.2406,,,
E1290_700,0.8759399999999999,,,
E4_439,0.54887,,,
E1371_512,,0.64035,,
E269_417,0.5213,,,
E886_468,0.58521,,,
E224_514,0.64286,,,
E1913_566,0.70802,,,
E1536_307,,,0.38345999999999997,
E200_649,0.81203,,,
E555_710,0.8884700000000001,,,
E633_341,,0.42607,,
E202_529,0.66165,,,
E48_603,,,,0.75439
E1553_594,0.74311,,,
E971_343,,,0.42857,
E380_758,0.94862,,,
E1618_615,0.76942,,,
E124_644,0.80576,,,
E110_516,0.64536,,,
E219_128,,,,0.15915
E1316_376,0.46992,,,
E1022_765,0.95739,,,
E74_329,,,,0.41103
E1635_162,0.20175,,,
E1787_236,0.29449000000000003,,,
E779_566,0.70802,,,
E758_381,0.47618999999999995,,,
E640_275,0.34336,,,
E1251_572,0.71554,,,
E1048_390,0.48746999999999996,,,
E1073_25,,,,0.030080000000000003
E215_116,,,0.14411,
E1668_561,,,,0.70175
E1828_399,,,0.49875,
E1029_451,,,,0.56391
E233_561,0.70175,,,
E1612_460,,,,0.57519
E1724_546,,0.68296,,
E939_306,0.38221,,,
E809_156,,,,0.19424
E317_79,0.09774,,,
E1864_4,,,,0.0037600000000000003
E1794_607,,,,0.7594
E1335_565,0.70677,,,
E13_695,,0.86967,,
E480_178,0.2218,,,
E907_437,0.54637,,,
E875_63,0.07769,,,
E1176_722,,0.90351,,
E1930_770,0.9636600000000001,,,
E918_124,,,,0.15414
E1017_483,0.60401,,,
E221_420,,,0.5250600000000001,
E1247_146,0.1817,,,
E951_312,0.38971999999999996,,,
E568_640,0.80075,,,
E1827_474,,0.59273,,
E166_697,0.87218,,,
E1886_578,0.72306,,,
E771_656,,0.8208,,
E1480_591,0.73935,,,
E1450_121,0.15037999999999999,,,
E587_15,,0.01754,,
E1643_413,,,0.5162899999999999,
E1174_303,0.37845,,,
E575_348,0.43483999999999995,,,
E1706_276,0.34460999999999997,,,
E1179_48,0.0589,,,
E100_311,0.38847,,,
E320_285,,,,0.35589
E463_625,0.78195,,,
E1600_203,,0.25313,,
E1010_132,0.16416,,,
E1090_377,0.47118000000000004,,,
E1572_604,,,,0.75564
E1482_213,0.26566,,,
E413_177,0.22055,,,
E1805_158,,,0.19674,
E1523_363,0.45363000000000003,,,
E944_379,,,0.47368000000000005,
E411_390,0.48746999999999996,,,
E1277_525,0.65664,,,
E6_643,0.8045100000000001,,,
E427_683,,0.85464,,
E1226_731,0.91479,,,
E1818_384,0.47995,,,
E334_762,0.95363,,,
E1493_618,,,,0.77318
E1382_20,0.023809999999999998,,,
E96_539,,,,0.67419
E730_681,,0.8521299999999999,,
E349_14,,,0.01629,
E104_778,,,,0.9736799999999999
E212_483,,,0.60401,
E1146_587,0.73434,,,
E1965_623,,,0.77945,
E435_495,0.61905,,,
E95_134,,,0.16667,
E1838_574,,0.71805,,
E7_681,0.8521299999999999,,,
E701_52,0.06391000000000001,,,
E1217_432,0.5401,,,
E1042_383,,0.4787,,
E402_779,0.9749399999999999,,,
E1767_482,,0.6027600000000001,,
E642_131,0.16291,,,
E1184_176,,,,0.2193
E1868_122,,0.15163,,
E1841_763,0.95489,,,
E586_799,,,,1.0
E311_229,,0.28570999999999996,,
E641_209,0.26065,,,
E1417_436,,,,0.54511
E1715_768,,0.96115,,
E1087_776,,0.9711799999999999,,
E1728_371,0.46366,,,
E1442_202,,0.25188,,
E65_530,,0.66291,,
E1242_444,,,0.55514,
E1348_540,,0.6754399999999999,,
E1577_472,,,0.59023,
E1811_513,0.6416,,,
E1566_333,,0.41603999999999997,,
E752_784,0.9812,,,
E109_30,0.03634,,,
E1264_33,0.0401,,,
E776_241,0.30075,,,
E943_15,0.01754,,,
E1951_777,0.9724299999999999,,,
E607_417,0.5213,,,
E905_570,0.71303,,,
E1684_638,0.79825,,,
E1949_548,,,,0.6854600000000001
E344_250,0.31203000000000003,,,
E295_467,,,,0.58396
E1921_9,,0.010029999999999999,,
E292_299,0.37343000000000004,,,
E1983_454,,,,0.56767
E1302_679,0.84962,,,
E422_776,,0.9711799999999999,,
E1003_301,0.37594,,,
E844_719,0.89975,,,
E870_340,,,,0.42481
E1653_38,0.04637,,,
E1091_60,0.07393,,,
E816_486,0.60777,,,
E452_324,,,,0.40476
E1258_200,0.24936999999999998,,,
E106_251,0.31328,,,
E90_450,0.56266,,,
E1273_573,0.7167899999999999,,,
E1005_597,0.74687,,,
E1081_30,0.03634,,,
E1738_698,0.8734299999999999,,,
E438_293,,,,0.36591
E335_16,,0.0188,,
E1430_584,0.73058,,,
E897_345,,,,0.43108
E1611_296,,,,0.36967
E1435_30,0.03634,,,
E1263_118,,,,0.14662
E1252_94,0.11654,,,
E958_601,,,,0.75188
E1205_458,0.57268,,,
E394_209,0.26065,,,
E986_361,0.45113000000000003,,,
E702_623,0.77945,,,
E715_408,,,0.51003,
E885_110,0.13659000000000002,,,
E1947_150,0.18672,,,
E149_619,0.77444,,,
E1719_69,,,0.08521000000000001,
E1645_103,0.12782000000000002,,,
E1367_627,0.78446,,,
E1044_114,0.1416,,,
E1920_195,0.24311,,,
E1678_644,0.80576,,,
E1537_530,,,,0.66291
E1187_769,,,0.96241,
E1524_37,0.045110000000000004,,,
E1172_358,,,0.44737,
E564_440,0.55013,,,
E542_387,,,0.48371000000000003,
E1732_736,0.92105,,,
E491_74,0.09147999999999999,,,
E1830_80,,,,0.099
E1751_595,0.74436,,,
E23_509,0.63659,,,
E1519_540,,,,0.6754399999999999
E1918_617,0.77193,,,
E1894_666,0.8333299999999999,,,
E608_143,,,,0.17794000000000001
E1808_379,0.47368000000000005,,,
E1294_196,0.24436,,,
E1644_136,,,,0.16917000000000001
E1165_188,0.23434000000000002,,,
E1423_578,0.72306,,,
E623_262,0.32706999999999997,,,
E1654_78,,0.09648999999999999,,
E1571_419,,,,0.52381
E738_751,,,,0.93985
E1695_647,0.80952,,,
E337_306,,,0.38221,
E379_739,,,,0.92481
E1171_251,0.31328,,,
E1449_120,,0.14912,,
E909_479,0.599,,,
E1534_511,,,,0.6391
E476_78,0.09648999999999999,,,
E0_249,,0.31078,,
E522_316,0.39474000000000004,,,
E1056_176,0.2193,,,
E1512_13,0.015040000000000001,,,
E318_160,0.19925,,,
E1578_397,,,0.49623999999999996,
E1773_13,0.015040000000000001,,,
E1879_52,0.06391000000000001,,,
E690_628,,0.78571,,
E887_683,,,0.85464,
E912_745,,,,0.9323299999999999
E1607_5,0.0050100000000000006,,,
E871_115,0.14286,,,
E577_298,0.37218,,,
E1401_79,0.09774,,,
E1323_24,,,,0.02882
E260_540,,0.6754399999999999,,
E1592_2,0.00125,,,
E821_667,,,,0.8345899999999999
E1882_591,,,0.73935,
E1814_142,0.17669,,,
E434_36,0.04386,,,
E373_556,0.6954899999999999,,,
E206_480,0.60025,,,
E1319_179,0.22305999999999998,,,
E1230_676,,0.8458600000000001,,
E923_746,0.93358,,,
E1898_613,0.7669199999999999,,,
E760_116,,,,0.14411
E999_404,0.5050100000000001,,,
E1817_788,0.9862200000000001,,,
E1954_606,,,,0.75815
E309_414,0.51754,,,
E26_14,0.01629,,,
E602_468,,0.58521,,
E1236_527,,0.65915,,
E1475_520,,0.6503800000000001,,
E1004_271,,,0.33835,
E97_238,0.29699000000000003,,,
E849_186,,0.23183,,
E1861_505,,,0.63158,
E3_624,0.7807,,,
E448_729,,,0.91228,
E262_251,,,,0.31328
E717_738,0.92356,,,
E743_228,,0.28446,,
E1011_128,0.15915,,,
E172_553,0.6917300000000001,,,
E712_658,,,,0.82331
E1341_701,,,,0.8771899999999999
E1458_215,0.26816999999999996,,,
E1353_531,0.6641600000000001,,,
E843_328,0.40976999999999997,,,
E87_149,0.18545999999999999,,,
E1926_115,0.14286,,,
E559_712,0.8909799999999999,,,
E770_233,,,,0.29073000000000004
E1636_241,,0.30075,,
E1118_305,,,0.38095,
E735_51,0.06266000000000001,,,
E763_235,0.29323,,,
E1061_27,,0.03258,,
E1196_56,,,0.06892000000000001,
E456_512,,0.64035,,
E879_457,0.57143,,,
E150_589,0.7368399999999999,,,
E1859_294,,0.36717,,
E350_182,0.22682,,,
E1622_550,,,0.68797,
E1854_33,0.0401,,,
E93_793,0.9924799999999999,,,
E1867_570,0.71303,,,
E862_133,0.16541,,,
E258_133,,0.16541,,
E618_769,0.96241,,,
E1046_735,0.9198,,,
E1745_669,,,,0.83709
E1492_294,0.36717,,,
E1825_24,0.02882,,,
E517_683,0.85464,,,
E377_588,,,,0.73559
E964_510,0.63784,,,
E493_150,0.18672,,,
E1657_403,,,0.50376,
E711_359,0.44861999999999996,,,
E847_796,0.99624,,,
E1342_324,0.40476,,,
E176_165,,0.20551,,
E1122_388,0.48496000000000006,,,
E1210_794,0.9937299999999999,,,
E1718_116,,0.14411,,
E505_724,0.90602,,,
E576_696,0.87093,,,
E1425_152,,,,0.18922
E1995_259,0.32331,,,
E1126_537,,,0.67168,
E635_90,0.11152999999999999,,,
E1015_416,,0.52005,,
E1676_57,0.07017999999999999,,,
E1957_172,0.21429,,,
E249_609,0.7619,,,
E1001_158,0.19674,,,
E580_681,0.8521299999999999,,,
E935_652,0.81579,,,
E231_80,0.099,,,
E903_469,0.5864699999999999,,,
E1027_481,,0.6015,,
E796_249,,0.31078,,
E1366_531,0.6641600000000001,,,
E1963_362,0.45238,,,
E884_189,0.23559000000000002,,,
E75_654,0.8183,,,
E1460_196,0.24436,,,
E988_740,,,,0.9260700000000001
E107_503,0.62907,,,
E973_581,0.72682,,,
E188_718,,0.8985,,
E1034_350,0.43733999999999995,,,
E787_297,0.37093000000000004,,,
E1018_599,0.74937,,,
E596_107,,0.13283,,
E1617_132,0.16416,,,
E954_182,,,0.22682,
E593_565,0.70677,,,
E277_393,0.49123,,,
E1906_491,,,,0.6140399999999999
E103_482,0.6027600000000001,,,
E1032_235,0.29323,,,
E405_548,0.6854600000000001,,,
E1700_505,,0.63158,,
E759_16,,,0.0188,
E1096_616,,,,0.77068
E1112_354,,,,0.44236000000000003
E66_281,0.35088,,,
E553_188,0.23434000000000002,,,
E1508_320,0.39975,,,
E789_117,,,,0.14536
E1418_138,,,,0.17168
E184_764,0.95614,,,
E1147_200,,,,0.24936999999999998
E1506_341,,,,0.42607
E408_757,,,,0.94737
E217_211,0.26316,,,
E1047_656,0.8208,,,
E924_259,0.32331,,,
E1710_502,0.6278199999999999,,,
E376_658,0.82331,,,
E1776_676,,,0.8458600000000001,
E774_557,0.6967399999999999,,,
E558_305,0.38095,,,
E464_209,0.26065,,,
E1824_91,0.11277999999999999,,,
E11_479,0.599,,,
E1919_798,0.99875,,,
E1222_439,0.54887,,,
E1023_3,0.00251,,,
E1288_69,0.08521000000000001,,,
E1821_274,0.34210999999999997,,,
E1843_294,0.36717,,,
E1914_28,0.03383,,,
E696_137,0.17043,,,
E929_172,0.21429,,,
E468_327,0.40852,,,
E1692_337,0.42105,,,
E308_292,0.36466,,,
E1360_611,0.76441,,,
E1488_678,,,,0.8483700000000001
E1466_16,,,0.0188,
E339_407,,,0.50877,
E276_695,,0.86967,,
E101_397,0.49623999999999996,,,
E1739_424,,,0.53008,
E1857_231,,,,0.28822
E410_510,0.63784,,,
E1772_174,,,,0.21679
E53_690,,,,0.86341
E115_736,0.92105,,,
E1829_393,0.49123,,,
E811_144,,,0.1792,
E353_580,0.72556,,,
E926_60,0.07393,,,
E187_209,,,0.26065,
E123_56,0.06892000000000001,,,
E454_473,0.59148,,,
E1761_763,0.95489,,,
E925_678,,,,0.8483700000000001
E225_311,,0.38847,,
E629_585,0.73183,,,
E1620_701,,,0.8771899999999999,
E803_509,,0.63659,,
E216_249,,,,0.31078
E1842_728,0.9110299999999999,,,
E1809_526,0.65789,,,
E1541_781,,,0.97744,
E1416_223,,,0.2782,
E1410_704,,0.88095,,
E383_574,0.71805,,,
E1520_81,0.10025,,,
E393_97,,0.1203,,
E40_133,0.16541,,,
E439_355,,,,0.44361000000000006
E1819_488,,,0.61028,
E1755_672,,0.84085,,
E719_591,0.73935,,,
E314_623,0.77945,,,
E1110_80,,0.099,,
E766_171,,,,0.21303000000000002
E1685_240,,,0.2995,
E1749_374,,,,0.46742
E867_209,0.26065,,,
E681_73,,,,0.09022999999999999
E992_143,0.17794000000000001,,,
E203_174,,0.21679,,
E1024_390,0.48746999999999996,,,
E129_160,,,0.19925,
E170_93,,,,0.11529
E793_36,,,,0.04386
E911_483,0.60401,,,
E1289_696,0.87093,,,
E1304_361,0.45113000000000003,,,
E1231_500,,,0.62531,
E1709_19,0.02256,,,
E204_517,0.64662,,,
E371_99,,0.12280999999999999,,
E1385_789,0.9874700000000001,,,
E794_303,,,,0.37845
E304_89,,,,0.11027999999999999
E1412_324,0.40476,,,
E1108_9,0.010029999999999999,,,
E1722_424,,0.53008,,
E1132_501,0.62657,,,
E1102_560,0.7005,,,
E412_435,0.54386,,,
E403_444,0.55514,,,
E860_409,0.5112800000000001,,,
E1803_672,0.84085,,,
E1647_712,0.8909799999999999,,,
E1800_192,,0.23935,,
E1246_312,,,,0.38971999999999996
E475_796,0.99624,,,
E650_342,,,0.42732,
E437_576,0.72055,,,
E496_608,0.76065,,,
E482_709,,0.8872200000000001,,
E904_461,,,0.57644,
E1937_237,,0.29574,,
E126_215,0.26816999999999996,,,
E125_181,0.22555999999999998,,,
E42_348,,0.43483999999999995,,
E1734_584,,,0.73058,
E1766_219,,,,0.27318000000000003
E1884_344,0.42982,,,
E1939_756,0.9461200000000001,,,
E1249_640,0.80075,,,
E1511_782,,,,0.9787
E1698_233,,0.29073000000000004,,
E1680_440,0.55013,,,
E1363_265,,0.33083,,
E1959_175,0.21805,,,
E1837_778,,,,0.9736799999999999
E790_318,,0.39724,,
E1736_585,,,0.73183,
E915_726,,0.9085200000000001,,
E255_134,,,,0.16667
E781_253,0.31579,,,
E1796_219,,0.27318000000000003,,
E94_232,0.28947,,,
E697_478,0.5977399999999999,,,
E1451_388,,,0.48496000000000006,
E1128_416,,0.52005,,
E155_776,0.9711799999999999,,,
E414_133,0.16541,,,
E63_173,0.21554,,,
E1567_396,0.49499,,,
E453_260,,0.32456,,
E1616_716,0.89599,,,
E1839_283,0.35338,,,
E449_421,,,,0.52632
E197_796,0.99624,,,
E708_774,0.96867,,,
E1206_595,0.74436,,,
E1396_781,0.97744,,,
E1400_715,0.89474,,,
E1754_19,0.02256,,,
E391_466,,,,0.5827100000000001
E777_585,0.73183,,,
E1576_540,0.6754399999999999,,,
E179_497,,,0.62155,
E189_583,0.72932,,,
E253_646,0.8082699999999999,,,
E1586_450,,,,0.56266
E1696_311,,0.38847,,
E481_513,0.6416,,,
E720_429,,,0.5363399999999999,
E783_349,,,0.43609,
E1021_760,,,,0.9511299999999999
E1489_430,0.53759,,,
E601_163,,,,0.20301
E370_130,,,,0.16165
E1730_437,0.54637,,,
E1299_544,,,0.68045,
E764_737,0.9223100000000001,,,
E302_252,,0.31454,,
E267_699,,,,0.87469
E328_94,0.11654,,,
E156_755,,0.94486,,
E1016_763,,0.95489,,
E425_131,,,,0.16291
E321_641,,,,0.80201
E1020_486,,0.60777,,
E279_689,0.86216,,,
E18_80,,0.099,,
E1770_79,0.09774,,,
E43_33,,,,0.0401
E1397_2,0.00125,,,
E1702_651,0.8145399999999999,,,
E283_720,,,,0.9009999999999999
E1320_337,0.42105,,,
E933_218,0.27193,,,
E543_749,0.93734,,,
E545_47,0.05764,,,
E1068_692,,,,0.8659100000000001
E135_194,0.24185,,,
E49_390,0.48746999999999996,,,
E537_674,,,0.84336,
E839_319,0.3985,,,
E873_120,,,,0.14912
E1354_339,0.42356000000000005,,,
E1845_387,,,0.48371000000000003,
E1104_713,,,0.89223,
E677_552,,,,0.69048
E1438_148,0.18420999999999998,,,
E948_671,0.8396,,,
E329_473,,0.59148,,
